phaseid,phasename,project_ref,status,startDate,endDate,RAG,notes,estimatedDuration,actualDuration,createdAt,updatedAt,isDraft,draftEditedBy,draftEditedAt
OF-8.4,Post-Closure Stabilization & Migration Prep,OF-SDLC-IMP2,Active,2025-08-05,2025-08-10,Green,"Nightly UAT, governance log visibility fix, and Azure migration prep.",5,1,2025-08-05T01:07:37.568Z,2025-08-05T01:07:37.568Z,0,,
OF-8.3,SDLC Velocity Dashboard,OF-SDLC-IMP2,Closed,2025-07-29,2025-08-02,Green,Build and deploy the Velocity Dashboard for SDLC governance monitoring.,4,4,2025-08-05T01:07:31.981Z,2025-08-05T01:07:31.981Z,0,,
OF-8.2,Conversational SDLC Enablement,OF-SDLC-IMP2,Closed,2025-07-22,2025-07-28,Green,Initial rollout of conversational SDLC flows with governance logging and CI/CD linkages.,6,6,2025-08-05T01:07:25.957Z,2025-08-05T01:07:25.957Z,0,,
OF-SDLC-IMP1-P4,Governance & Memory Anchoring,OF-SDLC-IMP1,In Progress,2025-01-04T23:30:00Z,,Green,,,,2025-01-04T23:30:00Z,2025-08-04T07:57:41.203Z,0,,
OF-SDLC-IMP1-P3,Debug & QA,OF-SDLC-IMP1,In Progress,2025-01-04T18:30:00Z,,Green,,,,2025-01-04T18:30:00Z,2025-08-04T07:57:41.202Z,0,,
OF-SDLC-IMP1-P2,Build & Integration,OF-SDLC-IMP1,In Progress,2025-01-04T16:30:00Z,,Green,,,,2025-01-04T16:30:00Z,2025-08-04T07:57:41.201Z,0,,
DBM-2.2,Import Phase,WT-DBM-2.0,In Progress,2025-08-03,2025-08-03,Green,CSV import in progress,1,0.5,2025-08-03T08:12:06.675Z,2025-08-03T08:12:06.675Z,0,,
DBM-2.1,Archive Phase,WT-DBM-2.0,Completed,2025-08-03,2025-08-03,Green,Data archived successfully,1,1,2025-08-03T08:12:06.666Z,2025-08-03T08:12:06.666Z,0,,
AMV-1.1,Planning Phase,WT-UX7,Planned,2025-01-20,2025-01-25,Yellow,Requirements gathering in progress,5,0,2025-08-03T08:12:06.660Z,2025-08-03T08:12:06.660Z,0,,
ESB-1.3,Testing Phase,WT-UX14,Completed,2025-01-13,2025-01-15,Green,All tests passing,,3,2025-08-03T08:12:06.655Z,2025-08-03T08:12:06.655Z,0,,
ESB-1.2,Implementation Phase,WT-UX14,Completed,2025-01-06,2025-01-12,Green,Core components implemented successfully,7,6,2025-08-03T08:12:06.651Z,2025-08-03T08:12:06.651Z,0,,
ESB-1.1,Design Phase,WT-UX14,Completed,2025-01-01,2025-01-05,Green,Architecture and wireframe design complete,5,4,2025-08-03T08:12:06.646Z,2025-08-03T08:12:06.646Z,0,,
WT-5.5 ,Unknown Phase,Wombat Track ‚Äì Gizmo,Complete,"July 21, 2025","July 22, 2025",Green,All console interactions are now logged with metadata,0,0,2025-08-03 09:16:51,2025-08-03 09:16:51,0,,
Orb-1.3 ,Unknown Phase,WP-UX13,In Progress,"January 1, 2000",,Green,"The conversation about Orbis branding might be stored in:

1. Project Memory: ./CLAUDE.md (team-shared)
2. User Memory: ~/.claude/CLAUDE.md (your personal memory)

‚óè Bash(ls -la ~/.claude/ 2>/dev/null || echo ""No ~/.claude directory found"")
‚éø  total 4
drwxr-xr-x 1 jtaylor jtaylor  104 Jul 26 14:15 .
drwxr-xr-x 1 jtaylor jtaylor  522 Jul 28 13:03 ..
‚Ä¶ +5 lines (ctrl+r to expand)

‚óè Bash(find ~/.claude -name ""http://claude.md/"" -o -name ""*.md"" | head -10)
‚éø  (No content)

‚óè List(../../.claude/projects)
‚éø  Listed 29 paths (ctrl+r to expand)",0,0,2025-08-03 09:16:51,2025-08-03 09:16:51,0,,
Orb-1.4 ,Unknown Phase,Design Principles (https://www.notion.so/Design-Principles-23ee1901e36e80d99b34fe4f9df8e231?pvs=21),In Progress,"January 1, 2000",,Green,,0,0,2025-08-03 09:16:51,2025-08-03 09:16:51,0,,
Orb-1.2 ,Unknown Phase,Design Principles (https://www.notion.so/Design-Principles-23ee1901e36e80d99b34fe4f9df8e231?pvs=21),In Progress,,,Green,"üåå ORBIS BRAND CONCEPT EVOLUTIONS
üîµ 1. Orbis Core
‚ÄúThe center of intelligent systems.‚Äù

Circular, recursive, fundamental. This name embodies the philosophical nucleus of Orbis ‚Äî a semantic engine driving governance, memory, AI interaction, and system orchestration.
‚ú¥Ô∏è Core Themes:
‚Ä¢ Cognition loops (Hofstadter‚Äôs ‚ÄúStrange Loop‚Äù)
‚Ä¢ Autopoiesis ‚Äî systems that regenerate themselves
‚Ä¢ Governance kernel ‚Äî a semantic OS at the heart of digital infrastructure
‚Ä¢ Circular logic ‚Üí Rational coherence ‚Üí Auditability
üåà Visual Mood:
‚Ä¢ Minimalist, high-contrast
‚Ä¢ Monoline circle glyphs / stacked concentric rings
‚Ä¢ Echoes of operating system boot loaders or schematic cores
üî§ Logo Direction:
‚Ä¢ Stylised ‚ÄúO‚Äù with pulsing center
‚Ä¢ Typography: geometric sans (e.g., Space Grotesk / Inter / Satoshi)
‚Ä¢ Variant: 0rbis Core (logo glyph only)
üî• 2. Orbis Forge
‚ÄúThe intelligence foundry.‚Äù

Symbolic of both heat and transformation, Forge reflects a platform where AI and human intent co-create new systems. It's not passive ‚Äî it‚Äôs molten, shaping intelligence like ancient smiths shaped metal.
‚ú¥Ô∏è Core Themes:
‚Ä¢ Techno-alchemy ‚Äî crafting AI tools from raw prompts and system intent
‚Ä¢ Industrial ‚Üí Digital revolution parallel
‚Ä¢ Agentic systems forged into tools, protocols, workflows
‚Ä¢ Signals to founders, builders, and creators
üåà Visual Mood:
‚Ä¢ Warm copper / forged steel tones
‚Ä¢ Hammer-and-spark motifs
‚Ä¢ Glowing ember or furnace-core visuals
‚Ä¢ Modular UI ‚Äúingots‚Äù that combine into features
üî§ Logo Direction:
‚Ä¢ Wordmark with flare accents on ‚ÄúF‚Äù
‚Ä¢ Symbol: Anvil + Orbit, or ‚ÄúO‚Äù encircling a flame glyph
‚Ä¢ Font: Sturdy but refined ‚Äî consider Degular, Neue Haas, Founders Grotesk
üîÅ 3. Orbis Loop (Honourable Mention)
‚ÄúI am a strange loop.‚Äù

A self-observing system. Less grounded than Core or Forge, but poetic and AI-native.
Could be used as a product or feature name later (e.g., Orbis Loop: Lifecycle Autopilot)
üß¨ SHARED DESIGN SYSTEM ELEMENTS (All Variants)
üß† Voice & Language:ElementStyleCopyControlled, system-aware, semanticTonePrecision with calm clarityAgents‚ÄúForged intelligence‚Äù (Forge), ‚ÄúCore threads‚Äù (Core)
üé® Shared Color FoundationRoleColorBackground#0C0C0E (Obsidian Black)Accent A#D77B28 (Copper Ember ‚Äì Forge)Accent B#1C5D99 (Nebula Blue ‚Äì Core)Surface#F2F0E6 (Lumen Cream)Status#3FB8AF (Signal Teal)Trace Layer#B3B6B7 (Orbit Gray)
üß© Shared UI Concepts
‚Ä¢ Governance Thread View ‚Üí Like metal wire drawn through structure
‚Ä¢ Prompt Console = Foundry Surface (Forge) or Semantic Kernel (Core)
‚Ä¢ Visual Tags = alloy tokens / stackable schema
‚Ä¢ Runtime Indicators = heat map (Forge) or pulse ring (Core)
üèÅ Summary & Next Step OptionsNameSymbolismToneFuture SimplicityStrong Use CasesOrbis CoreNucleus, self-governing loopElegant, systemic‚úÖ Easily collapses to OrbisOS, governance platformOrbis ForgeTransformation, AI smithingCreative, founder-friendly‚úÖ Iconic as Forge ‚Üí OrbisTooling, agents, dev infra",0,0,2025-08-03 09:16:51,2025-08-03 09:16:51,0,,
Orb-1.1,Unknown Phase,Design Principles (https://www.notion.so/Design-Principles-23ee1901e36e80d99b34fe4f9df8e231?pvs=21),Done,,,Green,"üåå ORBIS BRAND CONCEPT EVOLUTIONS
üîµ 1. Orbis Core
‚ÄúThe center of intelligent systems.‚Äù

Circular, recursive, fundamental. This name embodies the philosophical nucleus of Orbis ‚Äî a semantic engine driving governance, memory, AI interaction, and system orchestration.
‚ú¥Ô∏è Core Themes:
‚Ä¢ Cognition loops (Hofstadter‚Äôs ‚ÄúStrange Loop‚Äù)
‚Ä¢ Autopoiesis ‚Äî systems that regenerate themselves
‚Ä¢ Governance kernel ‚Äî a semantic OS at the heart of digital infrastructure
‚Ä¢ Circular logic ‚Üí Rational coherence ‚Üí Auditability
üåà Visual Mood:
‚Ä¢ Minimalist, high-contrast
‚Ä¢ Monoline circle glyphs / stacked concentric rings
‚Ä¢ Echoes of operating system boot loaders or schematic cores
üî§ Logo Direction:
‚Ä¢ Stylised ‚ÄúO‚Äù with pulsing center
‚Ä¢ Typography: geometric sans (e.g., Space Grotesk / Inter / Satoshi)
‚Ä¢ Variant: 0rbis Core (logo glyph only)
üî• 2. Orbis Forge
‚ÄúThe intelligence foundry.‚Äù

Symbolic of both heat and transformation, Forge reflects a platform where AI and human intent co-create new systems. It's not passive ‚Äî it‚Äôs molten, shaping intelligence like ancient smiths shaped metal.
‚ú¥Ô∏è Core Themes:
‚Ä¢ Techno-alchemy ‚Äî crafting AI tools from raw prompts and system intent
‚Ä¢ Industrial ‚Üí Digital revolution parallel
‚Ä¢ Agentic systems forged into tools, protocols, workflows
‚Ä¢ Signals to founders, builders, and creators
üåà Visual Mood:
‚Ä¢ Warm copper / forged steel tones
‚Ä¢ Hammer-and-spark motifs
‚Ä¢ Glowing ember or furnace-core visuals
‚Ä¢ Modular UI ‚Äúingots‚Äù that combine into features
üî§ Logo Direction:
‚Ä¢ Wordmark with flare accents on ‚ÄúF‚Äù
‚Ä¢ Symbol: Anvil + Orbit, or ‚ÄúO‚Äù encircling a flame glyph
‚Ä¢ Font: Sturdy but refined ‚Äî consider Degular, Neue Haas, Founders Grotesk
üîÅ 3. Orbis Loop (Honourable Mention)
‚ÄúI am a strange loop.‚Äù

A self-observing system. Less grounded than Core or Forge, but poetic and AI-native.
Could be used as a product or feature name later (e.g., Orbis Loop: Lifecycle Autopilot)
üß¨ SHARED DESIGN SYSTEM ELEMENTS (All Variants)
üß† Voice & Language:ElementStyleCopyControlled, system-aware, semanticTonePrecision with calm clarityAgents‚ÄúForged intelligence‚Äù (Forge), ‚ÄúCore threads‚Äù (Core)
üé® Shared Color FoundationRoleColorBackground#0C0C0E (Obsidian Black)Accent A#D77B28 (Copper Ember ‚Äì Forge)Accent B#1C5D99 (Nebula Blue ‚Äì Core)Surface#F2F0E6 (Lumen Cream)Status#3FB8AF (Signal Teal)Trace Layer#B3B6B7 (Orbit Gray)
üß© Shared UI Concepts
‚Ä¢ Governance Thread View ‚Üí Like metal wire drawn through structure
‚Ä¢ Prompt Console = Foundry Surface (Forge) or Semantic Kernel (Core)
‚Ä¢ Visual Tags = alloy tokens / stackable schema
‚Ä¢ Runtime Indicators = heat map (Forge) or pulse ring (Core)
üèÅ Summary & Next Step OptionsNameSymbolismToneFuture SimplicityStrong Use CasesOrbis CoreNucleus, self-governing loopElegant, systemic‚úÖ Easily collapses to OrbisOS, governance platformOrbis ForgeTransformation, AI smithingCreative, founder-friendly‚úÖ Iconic as Forge ‚Üí OrbisTooling, agents, dev infra",0,0,2025-08-03 09:16:51,2025-08-03 09:16:51,0,,
DM-1.1,Unknown Phase,Docs Module (https://www.notion.so/Docs-Module-23ee1901e36e803dad14e25804f430b4?pvs=21),Planned,,,Green,"Feature EnhancementsPage / LocationComponentActionIntegrationStatusNotesDocsEditor.tsxClaude DispatcherReplace mock AI with live Claude endpoint‚úÖ Claudeüîú To implementUse dispatchClaude(promptType, context)DocsEditor.tsxExport HandlerEnable DriveMemory export (.md)‚úÖ DriveMemoryüîú Placeholder existsRequires auth + API keyDocsEditor.tsxMemory SyncPush anchor to MemoryPlugin on save‚úÖ MemoryPluginüîú Use anchor creation APIDocsEditor.tsxGovernance ViewerShow GovernanceLog entries per docWT Internalüîú Component to be addedDocsPage.tsxDoc Grouping UIAdd filters for project/phase/moduleNoneüîú Suggest GroupBySelector or visual foldersDocsEditor.tsxTags FieldImprove tag entry with autocompleteNoneüß™ Partially implementedConnect to global tags storeDocsEditor.tsxEditor CollaborationEnable WebSocket/CRDT for live editFuture WT-native‚è≥ R&D neededPlan using Y.js or similarDocsPage.tsxExport-to-NotionExport doc index + .md to NotionOptionalüß™ Future API syncConsider .zip import/export bridgeDocsEditor.tsxFull Version HistoryImplement diff view of prior savesInternal‚è≥ SuggestedRequires change logging modelDocsEditor.tsxAuthor Role LogicEnforce role-based permissionsWT Authüîú View / Edit / Approve rolesDocsEditor.tsxMemory MigrationReplace MemoryPlugin with native RAG storeWT-nativeüß† Future phaseAlign with internal SDLC memoryDocsPage.tsxMulti-format ExportAdd .csv, .json export optionsNone‚úÖ Markdown doneAdd format toggle buttonsDocsEditor.tsxClaude Prompt TemplatesCentralise reusable GPT prompt libraryWT Claude Dispatcherüîú PhaseSteps + Docs use same promptsDocsEditor.tsxSave IndicatorsAdd persistent toast or log on successful saveNone‚úÖ Basic save indicator presentEnhance visibilityDocsEditor.tsxAI Suggest ‚Üí GovernanceLogAuto-log AI summaries directly on usageWT Internalüîú Stubbed in placeConfirm logging schema üîç Metadata Schema Audit ‚Äî DocsEntryFieldTypeSourceCompletionNotestitlestringUser input‚úÖdocTypeenumDropdown (SOP, Template, etc.)‚úÖcontentrich text (Tiptap JSON)Editor‚úÖtags[string]Tag editorüß™ Needs global tag autocompleterelatedProjectIdstring?Selector‚úÖrelatedPhaseIdstring?Selector‚úÖrelatedFeatureIdstring?Selector‚úÖmemoryAnchorIdstring?Auto-generatedüîúdriveLinkstring?Auto on exportüîúcreatedByUserAuth session‚úÖlastUpdateddatetimeAuto‚úÖversionintInternal‚è≥ Suggested
üîÑ Proposed Groupings (Docs Dashboard Filters)FilterValuesRequired?DocTypeSOP, Project Spec, Checklist, Template‚úÖProjectAll WT projects‚úÖPhaseLinked phases‚úÖFeatureComposer features‚úÖTagsCustom tagsüß™
üß± Infrastructure DependenciesServiceRequired ForNotesClaude (live)AI editing, summarising, scaffoldingUse Claude Dispatcher endpointDriveMemoryBackup + versioned doc archiveMust support .md + metadataMemoryPluginAnchors for long-term recallWill be replaced by WT-native RAGGovernanceLogAll actions + versionsCore WT integrationWT AuthPermissions / user-based accessEnforce view/edit rightsOptional: NotionExport index + MD filesConsider backup only",0,0,2025-08-03 09:16:51,2025-08-03 09:16:51,0,,
DM-1.0,Unknown Phase,Docs Module (https://www.notion.so/Docs-Module-23ee1901e36e803dad14e25804f430b4?pvs=21),Planned,,,Green,,0,0,2025-08-03 09:16:51,2025-08-03 09:16:51,0,,
WT-3.3,Unknown Phase,WP-UX9,Done,"January 1, 2000",,Green,"WT-3.3 ‚Äì MetaValidator System
Status: üîµ Planned Objective: Build CLI and CI-integrated validator to enforce governance compliance in project metadata and structure
Key Steps (Planned):
1. üî≤ Build Validator Engine (WTMetaValidator.ts)
2. üî≤ Add rules for markdown, step counts, RAG enforcement
3. üî≤ Hook into CI pipeline or Git pre-push
4. üî≤ Post failures to ExecutionLog with suggested backlog tasks
Side Quest (Planned):
‚Ä¢ Create reusable prompt scaffolder for validator errors",0,0,2025-08-03 09:16:51,2025-08-03 09:16:51,0,,
WT-3.2,Unknown Phase,WP-UX10,Planned,"January 1, 2000",,Green,"WT-3.2 ‚Äì CI/CD Pipeline Migration
Status: ‚úÖ Complete Objective: Formalise deployment workflow with rollback, governance logging, and CI validation
Key Steps:
1. ‚úÖ Create reusable CI pipeline (ci.yml, deploy.yml)
2. ‚úÖ Configure deploy + rollback
3. ‚úÖ Add structured governance hooks
4. ‚úÖ Integrate RAG signals post-deploy
Side Quest (Complete):
‚Ä¢ Claude refactor of legacy deploy scripts and log writers",0,0,2025-08-03 09:16:51,2025-08-03 09:16:51,0,,
WT-3.1 ,Unknown Phase,WP-UX11,Planned,"January 1, 2000",,Green,"WT-3.1 ‚Äì Advanced Testing Infrastructure
Status: üü° In Progress Objective: Implement CI-integrated Puppeteer test suite with standardised coverage and logging
Key Steps:
1. ‚úÖ Implement Puppeteer-based test suite (Phase Tracker, Dispatcher, Dashboard)
2. ‚úÖ Integrate GitHub Action test runner
3. ‚ö†Ô∏è Standardise coverage thresholds
4. ‚ö†Ô∏è Add failure logging + RAG dashboard visibility
Side Quest (Planned):
‚Ä¢ Develop Puppeteer screenshot diff utility for visual regression",0,0,2025-08-03 09:16:51,2025-08-03 09:16:51,0,,
WT-3.0,Unknown Phase,WP-UX12,Complete,"January 1, 2000","December 1, 2000",Green,"üì¶ Overview
This document summarizes the implementation and governance outcomes of WT Phase 3.x, covering Phases WT-3.0 to WT-3.3. The purpose of Phase 3.x is to establish robust developer infrastructure, CI/CD automation, and governance-enforced quality controls across the Wombat Track platform.
‚úÖ Phase Breakdown
WT-3.0 ‚Äì Architecture Reconciliation
Status: ‚úÖ Complete Summary:
‚Ä¢ Refactored orbis-* naming to wombat-console
‚Ä¢ Unified phase hierarchy under WT naming
‚Ä¢ Enhanced UX vertical nesting: Project > Phase > Step",0,0,2025-08-03 09:16:51,2025-08-03 09:16:51,0,,
PM-1.1,Unknown Phase,Post-mortem - sidebar rendering failure (https://www.notion.so/Post-mortem-sidebar-rendering-failure-23ee1901e36e8000a4e2f117bb1bbfad?pvs=21),Complete,,,Green,,0,0,2025-08-03 09:16:51,2025-08-03 09:16:51,0,,
PM 2.1,Unknown Phase,Post-mortem - sidebar rendering failure (https://www.notion.so/Post-mortem-sidebar-rendering-failure-23ee1901e36e8000a4e2f117bb1bbfad?pvs=21),Complete,,,Green,"üìò Session Summary
This session surfaced and resolved critical Git integrity, sidebar recovery, and CI build reliability issues. The robustness of these workflows is essential for the long-term viability of the MetaPlatform and Wombat Track as an AI-governed SDLC nucleus.
‚úÖ Confirmed IssuesIDIssueImpactStatus001Sidebar commit (64a589c) was unintentionally overwrittenHigh ‚Äì loss of local work and visual logic‚úÖ Recovery complete002Direct push to main bypassed PR reviewHigh ‚Äì violated SDLC safeguardsüõ†Ô∏è PR review policy reinforced003Git operations not guided ‚Üí user uncertaintyHigh ‚Äì SDLC risk for MetaPlatform‚úÖ Gizmo now owns all Git workflows004lucide-react not installed after Claude restoreHigh ‚Äì broke Vercel production build‚úÖ Pending fix via npm install + commit005Missing CI safety check for new dependenciesMedium ‚Äì future risküîÑ Pending CI enhancement006No Git pre-checkout safety scriptsMedium ‚Äì context loss on branch switchüîÑ Add http://wt-safe-checkout.sh/007No GovernanceLog entry for recovery eventMedium ‚Äì traceability gapüîÑ Pending log creation008Recovery not logged as PhaseStep in WTMediumüîÑ Needs WT-5.1 entry
üõ†Ô∏è Fix Actions TakenActionDescription‚úÖ Created sidebar-recovery-branchSafely restored lost logic from commit 64a589c‚úÖ Claude selectively reintegrated sidebar UI + logicPreserved Claude scaffold, restored visual hierarchy‚úÖ Gizmo assigned as GitOps and PR reviewerEnsures controlled merges, version integrity‚úÖ Full PR plan and GovernanceLog scaffold generatedSemantic traceability restored‚úÖ Seed script generated for WT PhasePlanEnables traceable UI feature linking
üîÑ Pending Fixes / ImprovementsIDFixDescriptionF001Install lucide-reactRequired for production build to succeedF002Commit + push package.json, package-lock.jsonFinalise sidebar icon fixF003Create GovernanceLog entry for sidebar recoveryCapture key decisions + traceable eventF004Update WT-5.x PhasePlan to include sidebar recoveryInclude all PhaseSteps tied to UI fixF005Add pre-checkout script (http://wt-safe-checkout.sh/)Prevents work loss when switching branchesF006Add CI rule to catch missing dependenciese.g., validate imports vs package.json
üß† Optional EnhancementsEnhancementBenefitGit PR automation for ClaudeClaude commits auto-tagged, PRs generated without push to mainwt-recovery-checker.ts scriptDetect unmerged/dangling commits and prevent data lossReal-time Git/Gizmo sync layer in MetaPlatformPush/pull status updates surfaced in UIBuild-stage AI warning systemDetects missing modules or unresolved imports before deploy
üß≠ MetaPlatform ImpactAreaRisk if UnresolvedResolution PathSDLC EnforcementMetaPlatform cannot offer true governance without Git integrity‚úÖ Assign GitOps to Gizmo + CI rulesRuntime Build StabilityBreaks ‚Äúself-healing system‚Äù promise if prod build fails silentlyüîÑ Add automated dependency check + lock auditTrust in AI CollaborationAI agents must not bypass governance (e.g., push to main)‚úÖ Require PR layer with Gizmo as reviewerDeveloper ConfidenceLoss of work reduces dev velocity, faith in automationüîÑ Git pre-checkout and recovery monitoringArtefact TraceabilityMetaPlatform requires memory + log syncüîÑ Log sidebar recovery + link to WT-5.1 PhaseStep
üìå Suggested Phase EntryPhaseNamePurposeWT-6.0GitOps + Runtime IntegrityImplement full guardrails for GitHub, Dev environment, and build pipeline integrity
üìÇ Artefacts Generated
‚Ä¢ http://sidebar-recovery-pr-plan.md/
‚Ä¢ http://sidebar-recovery-diff-summary.md/
‚Ä¢ sidebarRecoveryPhasePlan.ts
‚Ä¢ Claude prompt for selective reintroduction
‚Ä¢ Claude prompt for lucide-react install fix
‚Ä¢ Git workflow policy (for inclusion in http://git-workflow.md/)",0,0,2025-08-03 09:16:51,2025-08-03 09:16:51,0,,
WP-1.2,Unknown Phase,WP-UX2,Active,"January 1, 2000",,Green,"Tag data using structured taxonomy
https://www.notion.so/23de1901e36e8137a195dad4fc3c2969?pvs=21
https://www.notion.so/23de1901e36e81ae9c9fcdf031dc5d46?pvs=21
https://www.notion.so/23de1901e36e81209f7be82646197560?pvs=21
https://www.notion.so/23de1901e36e81ca8353c8b78687ea31?pvs=21
https://www.notion.so/23de1901e36e8138ac74f21f38df3755?pvs=21",0,0,2025-08-03 09:16:51,2025-08-03 09:16:51,0,,
WP-1.4,Unknown Phase,WP-UX4,Active,"January 1, 2000",,Green,"ü§ù Define Message Types
https://www.notion.so/23ce1901e36e80b980e3de9693a794a2?pvs=21
https://www.notion.so/23ce1901e36e800092b8dea9bd01d4fa?pvs=21
https://www.notion.so/23ce1901e36e80f9b926e811585a0a47?pvs=21
https://www.notion.so/23de1901e36e81f19354f40da684c301?pvs=21
https://www.notion.so/23de1901e36e8109b38ff1089b8ae018?pvs=21",0,0,2025-08-03 09:16:51,2025-08-03 09:16:51,0,,
WP-1.6,Unknown Phase,WP-UX6,Active,"January 1, 2000",,Green,"# üíΩUnstructured Data

https://www.notion.so/23de1901e36e8046a103de4a184d48a7?pvs=21https://www.notion.so/23de1901e36e80508edee2e0ecc105d3?pvs=21https://www.notion.so/23de1901e36e80218c31c5284c2fbf9c?pvs=21https://www.notion.so/23de1901e36e8024a138dabd27edd421?pvs=21https://www.notion.so/23de1901e36e800d81a7f6f5c62022b6?pvs=21https://www.notion.so/23de1901e36e8126bd71f9c49b6af071?pvs=21https://www.notion.so/23de1901e36e81859deec1a52fb6c958?pvs=21https://www.notion.so/23de1901e36e81fc9e6ee94fc3b8e926?pvs=21",0,0,2025-08-03 09:16:51,2025-08-03 09:16:51,0,,
WT-2.0 ,Unknown Phase,WT Project Overview (https://www.notion.so/WT-Project-Overview-23ee1901e36e80158be7f4c78cbc062b?pvs=21),Complete,,,Green,"üåü Purpose
Establish Wombat Track as its own project governance and management environment ‚Äî tracking the WT app‚Äôs own evolution within the WT platform.
This project formalises the goal of replacing local artefacts and external documentation with WT-native project management, execution, and governance capabilities.
üß≠ Strategic Goal
Migrate all planning, execution, documentation, and governance activities of the WT app into the WT platform itself.
Wombat Track must be used to manage Wombat Track.
üìò Project SummaryElementDescriptionProject NameWT Self-Managed App MigrationLeadGizmo (AI) + JacksonStart Date2025-07-25Statusüü° In ProgressGovernanceLog Ref""Self-Management Initiative"" (Proposal + Phase Logs)
üß† Governance Hooks
‚Ä¢ Proposal: WT should manage itself.
‚Ä¢ Decisions: Logged at each project intake and schema change.
‚Ä¢ Changes: Linked to data model PRs.
‚Ä¢ Reviews: Every feature must have its own GovernanceLog.
üõ°Ô∏è Integrity Requirements
‚Ä¢ Every WT feature/project must be traceable in WT.
‚Ä¢ No markdown-only artefacts should exist outside WT unless exported.
‚Ä¢ Claude and Gizmo must both log AI actions to GovernanceLog.
‚úÖ Blocker CheckAreaStatusNotesData Model‚ùå IncompleteNeeds 3 new data types + extensionsUI Surfaces‚ö†Ô∏è PartialMostly functional, needs richer metadata fieldsGovernance Logging‚úÖ CompleteJust needs more usageAI Prompt Hooks‚úÖ AvailableClaude and Gizmo ready to trigger create/import
üîö Output Goals
‚Ä¢ Every active WT artefact tracked as WT project
‚Ä¢ Self-documented change history
‚Ä¢ MetaPlatform fully monitored from within WT
‚Ä¢ WT becomes a self-reflexive governance operating system",0,0,2025-08-03 09:16:51,2025-08-03 09:16:51,0,,
WT-2.4,Unknown Phase,WT Project Overview (https://www.notion.so/WT-Project-Overview-23ee1901e36e80158be7f4c78cbc062b?pvs=21),In Progress,,,Green,"üöÄ Phase 4: Operational LoopStepTaskOutput4.1Run future features using WT nativelyE.g., MetaPlatform Dashboard, Docs Module enhancements4.2Claude auto-generates PhasePlans and Governance entriesAI-authored entries4.3Agent Mesh manages visual layer of dependenciesRuntime visualisation4.4WT manages its own versioning and deployment logsSelf-documenting infra",0,0,2025-08-03 09:16:51,2025-08-03 09:16:51,0,,
WT-2.3,Unknown Phase,WT Project Overview (https://www.notion.so/WT-Project-Overview-23ee1901e36e80158be7f4c78cbc062b?pvs=21),Complete,,,Green,"üîÅ Phase 3: MetaProject ActivationStepTaskOutput3.1Ingest current WT artefacts (Agent Mesh, AI Strategy, etc.) as projectsWT-native planning entries3.2Rebuild GovernanceLog from markdown historyTrue WT governance archive3.3Build default dashboards for WT internal projectsView progress from within app3.4Claude prompt layer: ‚ÄúScaffold as WT Project‚ÄùPrompt-based self-registration",0,0,2025-08-03 09:16:51,2025-08-03 09:16:51,0,,
WT-2.2,Unknown Phase,WT Project Overview (https://www.notion.so/WT-Project-Overview-23ee1901e36e80158be7f4c78cbc062b?pvs=21),Complete,,,Green,"üõ†Ô∏è Phase 2: WT App EnhancementsStepTaskOutput2.1Add fields: techStack, outputFiles, repoRefs, governanceLinksUpdated Project and Phase schemas2.2Add support for CIWorkflow, PhaseCompletionChecklistExecute surface improvements2.3Add mesh-specific entryType to GovernanceLogSupports traceability2.4UI support for document linking to projectsBidirectional visibility",0,0,2025-08-03 09:16:51,2025-08-03 09:16:51,0,,
WT-2.1,Unknown Phase,WT Project Overview (https://www.notion.so/WT-Project-Overview-23ee1901e36e80158be7f4c78cbc062b?pvs=21),Complete,,,Green,"üìç Phases & Steps
‚úÖ Phase 1: Assessment & Gap AnalysisStepTaskOutput1.1Evaluate WT surfaces vs artefact requirementsCompatibility matrix1.2Identify missing fields for Plan, Execute, Document, GovernStructured recommendations1.3Propose data model changesAgent, AgentConnection, ExternalService data types1.4Confirm blockersNone beyond data model and UX additions",0,0,2025-08-03 09:16:51,2025-08-03 09:16:51,0,,
SDLC-2.0 ,Unknown Phase,WP-UX8,In Progress,"January 1, 2000",,Green,"üß≠ Runtime Enforcement: SDLC vs PDLCAreaSDLC (Software)PDLC (Product/Project)üîÑ Claude RoleScaffold & PR creationTrigger agent-based product specsüß† Gizmo RoleMerge enforcement, test strategy, CI verificationGovernance logging, traceability enforcement‚úÖ Required GatesPR link confirmation, GitHub label check, GovernanceLog entryPhasePlan entry, artefact attachment, metadata schemaüö® Runtime AlertsPR not confirmed ‚Üí ‚ùå no mergeArtefact not logged ‚Üí üö® prompt to log via Gizmoüìå Storage LocationGitHub, DriveMemory, MemoryPluginWT Docs, Project Tracker, MemoryPluginüß™ TestingPuppeteer via MCPNarrative, doc review, RAG classification
‚úÖ From WT-6.0 onward, all SDLC flows are runtime-enforced using this model.",0,0,2025-08-03 09:16:51,2025-08-03 09:16:51,0,,
WP-1.1,Unknown Phase,WP-UX1,Planned,"January 1, 2000",,Green,"Create UI surface and metadata visibility for SDLC guardrails, compliance state, and technical risk score

Expected Outcome: Users and agents can query guardrails, see CI risk score, view enforcement history, and propose mitigations

Tags: sdlc-governance, oApp-migration, runtime-risk, wt-8.0

Linked DBs: wt-sdlc-visibility-spec, wt-sdlc-guardrails, wt-tech-debt-register

Canonical: true",0,0,2025-08-03 09:16:51,2025-08-03 09:16:51,0,,
WP-1.3,Unknown Phase,WP-UX3,Active,"January 1, 2000",,Green,"üîí Mark Notion as RAG Source of Truth
https://www.notion.so/23de1901e36e80209fb8f912636baa3e?pvs=21
https://www.notion.so/23de1901e36e80be9bf4c2c5163bc68b?pvs=21
https://www.notion.so/23de1901e36e80c9a221ecddd1eeece5?pvs=21
https://www.notion.so/23de1901e36e8143a44cf87588bf730b?pvs=21
https://www.notion.so/23de1901e36e8141ba08e61ee8fe0879?pvs=21",0,0,2025-08-03 09:16:51,2025-08-03 09:16:51,0,,
WP-1.5,Unknown Phase,WP-UX5,Active,"January 1, 2000",,Green,,0,0,2025-08-03 09:16:51,2025-08-03 09:16:51,0,,
WT-6.1,Unknown Phase,WP-UX7,Planned,"January 1, 2000",,Green,"This phase enables real-time visibility into AI agent activity (Claude and Gizmo) within the Orbis UI. It includes UI enhancements to display agent status, last prompt time, and activity metrics. Backend tracking of `agentStatus`, `lastPromptTime`, and `responseTime` will feed the console and support future runtime diagnostics. Designed to improve user trust and enable runtime orchestration for the Vision Layer.",0,0,2025-08-03 09:16:51,2025-08-03 09:16:51,0,,
AMV-1.4,Unknown Phase,Agent Mesh Visualisation (Integrate Surface) (https://www.notion.so/Agent-Mesh-Visualisation-Integrate-Surface-23ee1901e36e8096914ae499b3d494d7?pvs=21),Planned,,,Green,StepTaskOutput4.1Import AgentMesh.tsx into MetaPlatformDashboard.tsxRendered diagram within dashboard4.2Link view filter to agent registry card (Agent Tracker)Interactive dashboard toggle4.3Add dispatch overlay when MetaPlatform agent is clickedActionable UI hook4.4Enable live-sync toggle in Meta contextRuntime control layer,0,0,2025-08-03 09:16:50,2025-08-03 09:16:50,0,,
AMV-1.3,Unknown Phase,Agent Mesh Visualisation (Integrate Surface) (https://www.notion.so/Agent-Mesh-Visualisation-Integrate-Surface-23ee1901e36e8096914ae499b3d494d7?pvs=21),Planned,,,Green,"StepTaskOutput3.1Add status field to each link (e.g., active, planned, deprecated)Updated JSON3.2Add visual styling for active/planned/deprecated edgesEdge color coding3.3Pull live state from GitHub / Claude Dispatcher status (future)Runtime sync hooks (optional)3.4Add RAG status badge overlays where applicableOptional Governance overlay",0,0,2025-08-03 09:16:50,2025-08-03 09:16:50,0,,
AMV-1.2,Unknown Phase,Agent Mesh Visualisation (Integrate Surface) (https://www.notion.so/Agent-Mesh-Visualisation-Integrate-Surface-23ee1901e36e8096914ae499b3d494d7?pvs=21),Planned,,,Green,"StepTaskOutput2.1Create AgentMesh.tsx component scaffoldComponent file2.2Create source-of-truth file integrationMap.jsonJSON registry2.3Render diagram using Mermaid wrapper (@mermaid-js/react) or custom D3Live diagram inside WT UI2.4Add toggle views (CodeOps, Memory, Runtime, Governance)UI filters2.5Connect diagram hover/click events to metadata or modal detailInteraction layer2.6Log component and source config in Template TrackerGovernance linkage",0,0,2025-08-03 09:16:50,2025-08-03 09:16:50,0,,
WT-5.4,Unknown Phase,Core Feature Retrofit (https://www.notion.so/Core-Feature-Retrofit-23ee1901e36e80c79980f25071cdb8e8?pvs=21),Planned,,,Green,"WT 5.4 ‚Äì Mobile + Cross-Project View
‚Ä¢ Responsive updates to core components
‚Ä¢ Timeline: add global view with filters by tag/status",0,0,2025-08-03 09:16:50,2025-08-03 09:16:50,0,,
WT-5.3,Unknown Phase,Core Feature Retrofit (https://www.notion.so/Core-Feature-Retrofit-23ee1901e36e80c79980f25071cdb8e8?pvs=21),Planned,,,Green,"WT 5.3 ‚Äì Collaboration & Alerts
‚Ä¢ Add inline comment threads per PhaseStep
‚Ä¢ Support user mentions and task ownership
‚Ä¢ Build Slack/email notification connector",0,0,2025-08-03 09:16:50,2025-08-03 09:16:50,0,,
WT-5.2,Unknown Phase,Core Feature Retrofit (https://www.notion.so/Core-Feature-Retrofit-23ee1901e36e80c79980f25071cdb8e8?pvs=21),Planned,,,Green,"WT 5.2 ‚Äì Rule Engine MVP
‚Ä¢ Define Rule, Trigger, Action data types
‚Ä¢ Implement Rule builder UI + logic processor
‚Ä¢ Link rules to Step events and Logs",0,0,2025-08-03 09:16:50,2025-08-03 09:16:50,0,,
WT-5.1,Unknown Phase,Core Feature Retrofit (https://www.notion.so/Core-Feature-Retrofit-23ee1901e36e80c79980f25071cdb8e8?pvs=21),Planned,,,Green,"WT 5.1 ‚Äì Kanban & Timeline Foundations
‚Ä¢ Add startDate, dueDate, statusLastUpdated fields
‚Ä¢ Create Kanban UI: drag/drop PhaseSteps grouped by status
‚Ä¢ Create Gantt UI: timeline bar per PhaseStep",0,0,2025-08-03 09:16:50,2025-08-03 09:16:50,0,,
WT-5.7 ,Unknown Phase,Wombat Track ‚Äì Gizmo,Planned,,,Amber,"Slash commands, memory summarisation, recall and context injection",0,0,2025-08-03 09:16:50,2025-08-03 09:16:50,0,,
WT-5.6 ,Unknown Phase,Wombat Track ‚Äì Gizmo,Complete,"July 23, 2025","July 25, 2025",Green,Live API wiring to Claude and Gizmo agents,0,0,2025-08-03 09:16:50,2025-08-03 09:16:50,0,,
OF-SDLC-IMP1-P1,Planning & Setup,OF-SDLC-IMP1,Completed,,2025-01-04T16:30:00Z,Green,,,,2025-08-04T07:57:41.200Z,2025-01-04T16:30:00Z,0,,
